objectId,resourceId
CallType-0,Res-0
CallType-1,Res-0
CallType-2,Res-0
CallType-3,Res-0
CallType-4,Res-0
CallType-5,Res-0
CallType-6,Res-0
CallType-7,Res-0
CallType-8,Res-1
CallType-9,Res-1
CallType-10,Res-1
CallType-11,Res-1
CallType-12,Res-1
CallType-13,Res-1
CallType-14,Res-1
CallType-0,Res-1
CallType-1,Res-1
CallType-2,Res-1
CallType-3,Res-1
CallType-4,Res-1
CallType-15,Res-1
CallType-16,Res-1
CallType-7,Res-1
CallType-0,Res-10
CallType-24,Res-10
CallType-1,Res-10
CallType-2,Res-10
CallType-3,Res-10
CallType-20,Res-10
CallType-21,Res-10
CallType-4,Res-10
CallType-5,Res-10
CallType-6,Res-10
CallType-25,Res-10
CallType-26,Res-10
CallType-27,Res-10
CallType-8,Res-11
CallType-10,Res-11
CallType-0,Res-11
CallType-24,Res-11
CallType-1,Res-11
CallType-2,Res-11
CallType-3,Res-11
CallType-4,Res-11
CallType-15,Res-11
CallType-16,Res-11
CallType-5,Res-11
CallType-6,Res-11
CallType-26,Res-11
CallType-27,Res-11
CallType-7,Res-11
CallType-8,Res-12
CallType-17,Res-12
CallType-10,Res-12
CallType-11,Res-12
CallType-12,Res-12
CallType-13,Res-12
CallType-14,Res-12
CallType-0,Res-12
CallType-24,Res-12
CallType-1,Res-12
CallType-2,Res-12
CallType-3,Res-12
CallType-4,Res-12
CallType-15,Res-12
CallType-16,Res-12
CallType-5,Res-12
CallType-8,Res-13
CallType-0,Res-13
CallType-24,Res-13
CallType-1,Res-13
CallType-2,Res-13
CallType-3,Res-13
CallType-4,Res-13
CallType-15,Res-13
CallType-16,Res-13
CallType-5,Res-13
CallType-6,Res-13
CallType-25,Res-13
CallType-26,Res-13
CallType-27,Res-13
CallType-7,Res-13
CallType-8,Res-14
CallType-9,Res-14
CallType-10,Res-14
CallType-18,Res-14
CallType-11,Res-14
CallType-12,Res-14
CallType-13,Res-14
CallType-14,Res-14
CallType-0,Res-14
CallType-1,Res-14
CallType-2,Res-14
CallType-3,Res-14
CallType-4,Res-14
CallType-15,Res-14
CallType-16,Res-14
CallType-25,Res-14
CallType-26,Res-14
CallType-27,Res-14
CallType-7,Res-14
CallType-8,Res-15
CallType-10,Res-15
CallType-0,Res-15
CallType-1,Res-15
CallType-2,Res-15
CallType-3,Res-15
CallType-4,Res-15
CallType-5,Res-15
CallType-6,Res-15
CallType-25,Res-15
CallType-26,Res-15
CallType-27,Res-15
CallType-7,Res-15
CallType-8,Res-16
CallType-10,Res-16
CallType-11,Res-16
CallType-12,Res-16
CallType-13,Res-16
CallType-14,Res-16
CallType-0,Res-16
CallType-1,Res-16
CallType-2,Res-16
CallType-23,Res-16
CallType-3,Res-16
CallType-15,Res-16
CallType-25,Res-16
CallType-26,Res-16
CallType-27,Res-16
CallType-11,Res-17
CallType-12,Res-17
CallType-13,Res-17
CallType-14,Res-17
CallType-0,Res-17
CallType-25,Res-17
CallType-26,Res-17
CallType-27,Res-17
CallType-7,Res-17
CallType-9,Res-18
CallType-22,Res-18
CallType-17,Res-18
CallType-10,Res-18
CallType-0,Res-18
CallType-1,Res-18
CallType-2,Res-18
CallType-23,Res-18
CallType-3,Res-18
CallType-4,Res-18
CallType-15,Res-18
CallType-5,Res-18
CallType-6,Res-18
CallType-9,Res-19
CallType-0,Res-19
CallType-1,Res-19
CallType-2,Res-19
CallType-23,Res-19
CallType-3,Res-19
CallType-4,Res-19
CallType-15,Res-19
CallType-5,Res-19
CallType-6,Res-19
CallType-8,Res-2
CallType-9,Res-2
CallType-17,Res-2
CallType-10,Res-2
CallType-18,Res-2
CallType-11,Res-2
CallType-12,Res-2
CallType-13,Res-2
CallType-14,Res-2
CallType-0,Res-2
CallType-1,Res-2
CallType-2,Res-2
CallType-3,Res-2
CallType-4,Res-2
CallType-19,Res-2
CallType-15,Res-2
CallType-16,Res-2
CallType-5,Res-2
CallType-1,Res-20
CallType-2,Res-20
CallType-3,Res-20
CallType-20,Res-20
CallType-21,Res-20
CallType-4,Res-20
CallType-5,Res-20
CallType-6,Res-20
CallType-25,Res-20
CallType-26,Res-20
CallType-27,Res-20
CallType-7,Res-20
CallType-11,Res-21
CallType-12,Res-21
CallType-13,Res-21
CallType-14,Res-21
CallType-0,Res-21
CallType-1,Res-21
CallType-2,Res-21
CallType-3,Res-21
CallType-25,Res-21
CallType-26,Res-21
CallType-27,Res-21
CallType-22,Res-22
CallType-17,Res-22
CallType-10,Res-22
CallType-0,Res-22
CallType-1,Res-22
CallType-2,Res-22
CallType-3,Res-22
CallType-4,Res-22
CallType-19,Res-22
CallType-28,Res-22
CallType-7,Res-22
CallType-8,Res-23
CallType-10,Res-23
CallType-0,Res-23
CallType-24,Res-23
CallType-1,Res-23
CallType-2,Res-23
CallType-3,Res-23
CallType-4,Res-23
CallType-15,Res-23
CallType-16,Res-23
CallType-5,Res-23
CallType-6,Res-23
CallType-26,Res-23
CallType-27,Res-23
CallType-7,Res-23
CallType-8,Res-24
CallType-11,Res-24
CallType-12,Res-24
CallType-13,Res-24
CallType-14,Res-24
CallType-0,Res-24
CallType-1,Res-24
CallType-2,Res-24
CallType-3,Res-24
CallType-15,Res-24
CallType-16,Res-24
CallType-5,Res-24
CallType-6,Res-24
CallType-25,Res-24
CallType-26,Res-24
CallType-27,Res-24
CallType-0,Res-25
CallType-1,Res-25
CallType-2,Res-25
CallType-3,Res-25
CallType-20,Res-25
CallType-21,Res-25
CallType-4,Res-25
CallType-5,Res-25
CallType-6,Res-25
CallType-25,Res-25
CallType-26,Res-25
CallType-27,Res-25
CallType-7,Res-25
CallType-0,Res-26
CallType-1,Res-26
CallType-2,Res-26
CallType-3,Res-26
CallType-4,Res-26
CallType-5,Res-26
CallType-6,Res-26
CallType-7,Res-26
CallType-8,Res-27
CallType-10,Res-27
CallType-11,Res-27
CallType-12,Res-27
CallType-13,Res-27
CallType-14,Res-27
CallType-0,Res-27
CallType-1,Res-27
CallType-2,Res-27
CallType-3,Res-27
CallType-15,Res-27
CallType-16,Res-27
CallType-5,Res-27
CallType-6,Res-27
CallType-25,Res-27
CallType-26,Res-27
CallType-27,Res-27
CallType-7,Res-27
CallType-8,Res-28
CallType-10,Res-28
CallType-11,Res-28
CallType-12,Res-28
CallType-13,Res-28
CallType-14,Res-28
CallType-0,Res-28
CallType-1,Res-28
CallType-2,Res-28
CallType-23,Res-28
CallType-3,Res-28
CallType-15,Res-28
CallType-16,Res-28
CallType-8,Res-29
CallType-10,Res-29
CallType-11,Res-29
CallType-12,Res-29
CallType-13,Res-29
CallType-14,Res-29
CallType-0,Res-29
CallType-24,Res-29
CallType-1,Res-29
CallType-2,Res-29
CallType-23,Res-29
CallType-3,Res-29
CallType-19,Res-29
CallType-15,Res-29
CallType-16,Res-29
CallType-25,Res-29
CallType-26,Res-29
CallType-27,Res-29
CallType-0,Res-3
CallType-20,Res-3
CallType-21,Res-3
CallType-4,Res-3
CallType-5,Res-3
CallType-6,Res-3
CallType-8,Res-30
CallType-0,Res-30
CallType-1,Res-30
CallType-2,Res-30
CallType-3,Res-30
CallType-20,Res-30
CallType-21,Res-30
CallType-4,Res-30
CallType-5,Res-30
CallType-6,Res-30
CallType-25,Res-30
CallType-26,Res-30
CallType-27,Res-30
CallType-7,Res-30
CallType-0,Res-31
CallType-1,Res-31
CallType-2,Res-31
CallType-3,Res-31
CallType-20,Res-31
CallType-21,Res-31
CallType-4,Res-31
CallType-5,Res-31
CallType-6,Res-31
CallType-25,Res-31
CallType-26,Res-31
CallType-27,Res-31
CallType-7,Res-31
CallType-0,Res-32
CallType-1,Res-32
CallType-2,Res-32
CallType-3,Res-32
CallType-4,Res-32
CallType-5,Res-32
CallType-6,Res-32
CallType-7,Res-32
CallType-8,Res-33
CallType-0,Res-33
CallType-20,Res-33
CallType-21,Res-33
CallType-4,Res-33
CallType-5,Res-33
CallType-6,Res-33
CallType-25,Res-33
CallType-26,Res-33
CallType-27,Res-33
CallType-8,Res-34
CallType-0,Res-34
CallType-1,Res-34
CallType-2,Res-34
CallType-23,Res-34
CallType-3,Res-34
CallType-4,Res-34
CallType-15,Res-34
CallType-16,Res-34
CallType-5,Res-34
CallType-6,Res-34
CallType-7,Res-34
CallType-8,Res-35
CallType-0,Res-35
CallType-24,Res-35
CallType-1,Res-35
CallType-2,Res-35
CallType-3,Res-35
CallType-4,Res-35
CallType-15,Res-35
CallType-16,Res-35
CallType-5,Res-35
CallType-6,Res-35
CallType-25,Res-35
CallType-26,Res-35
CallType-27,Res-35
CallType-8,Res-36
CallType-10,Res-36
CallType-20,Res-36
CallType-21,Res-36
CallType-4,Res-36
CallType-5,Res-36
CallType-6,Res-36
CallType-11,Res-37
CallType-12,Res-37
CallType-13,Res-37
CallType-14,Res-37
CallType-0,Res-37
CallType-25,Res-37
CallType-26,Res-37
CallType-27,Res-37
CallType-0,Res-38
CallType-7,Res-38
CallType-0,Res-39
CallType-25,Res-39
CallType-26,Res-39
CallType-27,Res-39
CallType-7,Res-39
CallType-8,Res-4
CallType-22,Res-4
CallType-17,Res-4
CallType-10,Res-4
CallType-11,Res-4
CallType-12,Res-4
CallType-13,Res-4
CallType-14,Res-4
CallType-0,Res-4
CallType-1,Res-4
CallType-2,Res-4
CallType-23,Res-4
CallType-4,Res-4
CallType-15,Res-4
CallType-16,Res-4
CallType-5,Res-4
CallType-6,Res-4
CallType-7,Res-4
CallType-8,Res-40
CallType-0,Res-40
CallType-24,Res-40
CallType-1,Res-40
CallType-2,Res-40
CallType-3,Res-40
CallType-15,Res-40
CallType-16,Res-40
CallType-5,Res-40
CallType-6,Res-40
CallType-25,Res-40
CallType-26,Res-40
CallType-27,Res-40
CallType-7,Res-40
CallType-0,Res-41
CallType-7,Res-41
CallType-10,Res-42
CallType-0,Res-42
CallType-1,Res-42
CallType-2,Res-42
CallType-23,Res-42
CallType-3,Res-42
CallType-4,Res-42
CallType-15,Res-42
CallType-5,Res-42
CallType-6,Res-42
CallType-25,Res-42
CallType-26,Res-42
CallType-27,Res-42
CallType-0,Res-43
CallType-25,Res-43
CallType-26,Res-43
CallType-27,Res-43
CallType-7,Res-43
CallType-8,Res-44
CallType-0,Res-44
CallType-1,Res-44
CallType-2,Res-44
CallType-3,Res-44
CallType-20,Res-44
CallType-21,Res-44
CallType-4,Res-44
CallType-5,Res-44
CallType-6,Res-44
CallType-25,Res-44
CallType-26,Res-44
CallType-27,Res-44
CallType-7,Res-44
CallType-0,Res-45
CallType-7,Res-45
CallType-8,Res-46
CallType-10,Res-46
CallType-0,Res-46
CallType-1,Res-46
CallType-2,Res-46
CallType-23,Res-46
CallType-3,Res-46
CallType-4,Res-46
CallType-15,Res-46
CallType-5,Res-46
CallType-6,Res-46
CallType-25,Res-46
CallType-26,Res-46
CallType-27,Res-46
CallType-8,Res-5
CallType-0,Res-5
CallType-24,Res-5
CallType-1,Res-5
CallType-2,Res-5
CallType-3,Res-5
CallType-20,Res-5
CallType-21,Res-5
CallType-4,Res-5
CallType-15,Res-5
CallType-16,Res-5
CallType-5,Res-5
CallType-6,Res-5
CallType-7,Res-5
CallType-8,Res-6
CallType-10,Res-6
CallType-0,Res-6
CallType-24,Res-6
CallType-1,Res-6
CallType-2,Res-6
CallType-3,Res-6
CallType-4,Res-6
CallType-15,Res-6
CallType-16,Res-6
CallType-5,Res-6
CallType-6,Res-6
CallType-25,Res-6
CallType-26,Res-6
CallType-27,Res-6
CallType-8,Res-7
CallType-9,Res-7
CallType-10,Res-7
CallType-0,Res-7
CallType-1,Res-7
CallType-2,Res-7
CallType-15,Res-7
CallType-16,Res-7
CallType-5,Res-7
CallType-6,Res-7
CallType-25,Res-7
CallType-26,Res-7
CallType-27,Res-7
CallType-7,Res-7
CallType-8,Res-8
CallType-9,Res-8
CallType-17,Res-8
CallType-10,Res-8
CallType-11,Res-8
CallType-12,Res-8
CallType-13,Res-8
CallType-14,Res-8
CallType-0,Res-8
CallType-1,Res-8
CallType-2,Res-8
CallType-3,Res-8
CallType-4,Res-8
CallType-19,Res-8
CallType-15,Res-8
CallType-16,Res-8
CallType-5,Res-8
CallType-6,Res-8
CallType-7,Res-8
CallType-8,Res-9
CallType-9,Res-9
CallType-10,Res-9
CallType-0,Res-9
CallType-1,Res-9
CallType-2,Res-9
CallType-3,Res-9
CallType-15,Res-9
CallType-16,Res-9
CallType-25,Res-9
CallType-26,Res-9
CallType-27,Res-9
CallType-7,Res-9
