Units,Periods,Baseline
COAL_1,Mon-00,217.0
COAL_1,Mon-01,166.6666667
COAL_1,Mon-02,0.0
COAL_1,Mon-03,0.0
COAL_1,Mon-04,0.0
COAL_1,Mon-05,0.0
COAL_1,Mon-06,0.0
COAL_1,Mon-07,0.0
COAL_1,Mon-08,0.0
COAL_1,Mon-09,0.0
COAL_1,Mon-10,0.0
COAL_1,Mon-11,0.0
COAL_1,Mon-12,0.0
COAL_1,Mon-13,0.0
COAL_1,Mon-14,0.0
COAL_1,Mon-15,0.0
COAL_1,Mon-16,0.0
COAL_1,Mon-17,0.0
COAL_1,Mon-18,0.0
COAL_1,Mon-19,0.0
COAL_1,Mon-20,0.0
COAL_1,Mon-21,0.0
COAL_1,Mon-22,0.0
COAL_1,Mon-23,0.0
COAL_1,Tue-00,0.0
COAL_1,Tue-01,0.0
COAL_1,Tue-02,0.0
COAL_1,Tue-03,0.0
COAL_1,Tue-04,0.0
COAL_1,Tue-05,0.0
COAL_1,Tue-06,0.0
COAL_1,Tue-07,0.0
COAL_1,Tue-08,0.0
COAL_1,Tue-09,0.0
COAL_1,Tue-10,0.0
COAL_1,Tue-11,0.0
COAL_1,Tue-12,0.0
COAL_1,Tue-13,0.0
COAL_1,Tue-14,0.0
COAL_1,Tue-15,0.0
COAL_1,Tue-16,0.0
COAL_1,Tue-17,0.0
COAL_1,Tue-18,0.0
COAL_1,Tue-19,0.0
COAL_1,Tue-20,0.0
COAL_1,Tue-21,0.0
COAL_1,Tue-22,2.2737367544323206e-13
COAL_1,Tue-23,0.0
COAL_1,Wed-00,0.0
COAL_1,Wed-01,0.0
COAL_1,Wed-02,0.0
COAL_1,Wed-03,0.0
COAL_1,Wed-04,0.0
COAL_1,Wed-05,0.0
COAL_1,Wed-06,0.0
COAL_1,Wed-07,0.0
COAL_1,Wed-08,0.0
COAL_1,Wed-09,0.0
COAL_1,Wed-10,0.0
COAL_1,Wed-11,0.0
COAL_1,Wed-12,0.0
COAL_1,Wed-13,0.0
COAL_1,Wed-14,0.0
COAL_1,Wed-15,0.0
COAL_1,Wed-16,0.0
COAL_1,Wed-17,0.0
COAL_1,Wed-18,0.0
COAL_1,Wed-19,0.0
COAL_1,Wed-20,0.0
COAL_1,Wed-21,0.0
COAL_1,Wed-22,0.0
COAL_1,Wed-23,0.0
COAL_1,Thu-00,0.0
COAL_1,Thu-01,0.0
COAL_1,Thu-02,0.0
COAL_1,Thu-03,0.0
COAL_1,Thu-04,0.0
COAL_1,Thu-05,0.0
COAL_1,Thu-06,0.0
COAL_1,Thu-07,0.0
COAL_1,Thu-08,0.0
COAL_1,Thu-09,0.0
COAL_1,Thu-10,0.0
COAL_1,Thu-11,0.0
COAL_1,Thu-12,0.0
COAL_1,Thu-13,0.0
COAL_1,Thu-14,0.0
COAL_1,Thu-15,0.0
COAL_1,Thu-16,0.0
COAL_1,Thu-17,0.0
COAL_1,Thu-18,0.0
COAL_1,Thu-19,0.0
COAL_1,Thu-20,0.0
COAL_1,Thu-21,2.2737367544323206e-13
COAL_1,Thu-22,0.0
COAL_1,Thu-23,-2.2737367544323206e-13
COAL_1,Fri-00,0.0
COAL_1,Fri-01,0.0
COAL_1,Fri-02,0.0
COAL_1,Fri-03,0.0
COAL_1,Fri-04,0.0
COAL_1,Fri-05,0.0
COAL_1,Fri-06,0.0
COAL_1,Fri-07,0.0
COAL_1,Fri-08,0.0
COAL_1,Fri-09,0.0
COAL_1,Fri-10,0.0
COAL_1,Fri-11,0.0
COAL_1,Fri-12,0.0
COAL_1,Fri-13,0.0
COAL_1,Fri-14,0.0
COAL_1,Fri-15,0.0
COAL_1,Fri-16,0.0
COAL_1,Fri-17,0.0
COAL_1,Fri-18,0.0
COAL_1,Fri-19,0.0
COAL_1,Fri-20,0.0
COAL_1,Fri-21,0.0
COAL_1,Fri-22,0.0
COAL_1,Fri-23,0.0
COAL_1,Sat-00,0.0
COAL_1,Sat-01,0.0
COAL_1,Sat-02,0.0
COAL_1,Sat-03,0.0
COAL_1,Sat-04,0.0
COAL_1,Sat-05,0.0
COAL_1,Sat-06,0.0
COAL_1,Sat-07,0.0
COAL_1,Sat-08,0.0
COAL_1,Sat-09,0.0
COAL_1,Sat-10,0.0
COAL_1,Sat-11,0.0
COAL_1,Sat-12,0.0
COAL_1,Sat-13,0.0
COAL_1,Sat-14,0.0
COAL_1,Sat-15,0.0
COAL_1,Sat-16,0.0
COAL_1,Sat-17,0.0
COAL_1,Sat-18,0.0
COAL_1,Sat-19,0.0
COAL_1,Sat-20,0.0
COAL_1,Sat-21,0.0
COAL_1,Sat-22,0.0
COAL_1,Sat-23,0.0
COAL_1,Sun-00,0.0
COAL_1,Sun-01,0.0
COAL_1,Sun-02,0.0
COAL_1,Sun-03,0.0
COAL_1,Sun-04,0.0
COAL_1,Sun-05,0.0
COAL_1,Sun-06,0.0
COAL_1,Sun-07,0.0
COAL_1,Sun-08,0.0
COAL_1,Sun-09,0.0
COAL_1,Sun-10,0.0
COAL_1,Sun-11,0.0
COAL_1,Sun-12,0.0
COAL_1,Sun-13,0.0
COAL_1,Sun-14,0.0
COAL_1,Sun-15,0.0
COAL_1,Sun-16,0.0
COAL_1,Sun-17,0.0
COAL_1,Sun-18,0.0
COAL_1,Sun-19,0.0
COAL_1,Sun-20,0.0
COAL_1,Sun-21,0.0
COAL_1,Sun-22,0.0
COAL_1,Sun-23,0.0
COAL_2,Mon-00,233.33333329999982
COAL_2,Mon-01,233.3333333
COAL_2,Mon-02,233.33333329999982
COAL_2,Mon-03,233.33333329999982
COAL_2,Mon-04,233.33333329999982
COAL_2,Mon-05,233.33333329999982
COAL_2,Mon-06,233.33333329999982
COAL_2,Mon-07,275.0
COAL_2,Mon-08,321.0
COAL_2,Mon-09,349.0
COAL_2,Mon-10,368.0
COAL_2,Mon-11,378.0
COAL_2,Mon-12,371.0
COAL_2,Mon-13,375.0
COAL_2,Mon-14,375.0
COAL_2,Mon-15,369.0
COAL_2,Mon-16,352.0
COAL_2,Mon-17,327.0
COAL_2,Mon-18,301.0
COAL_2,Mon-19,288.0
COAL_2,Mon-20,295.0
COAL_2,Mon-21,289.0
COAL_2,Mon-22,267.0
COAL_2,Mon-23,244.0
COAL_2,Tue-00,233.33333329999982
COAL_2,Tue-01,233.33333329999982
COAL_2,Tue-02,233.33333329999982
COAL_2,Tue-03,233.33333329999982
COAL_2,Tue-04,233.33333329999982
COAL_2,Tue-05,233.33333329999982
COAL_2,Tue-06,266.0
COAL_2,Tue-07,299.0
COAL_2,Tue-08,332.0
COAL_2,Tue-09,354.99999999999994
COAL_2,Tue-10,374.0
COAL_2,Tue-11,378.0
COAL_2,Tue-12,370.00000000000006
COAL_2,Tue-13,371.99999999999994
COAL_2,Tue-14,370.00000000000006
COAL_2,Tue-15,360.0
COAL_2,Tue-16,345.0
COAL_2,Tue-17,324.0
COAL_2,Tue-18,302.0
COAL_2,Tue-19,292.0
COAL_2,Tue-20,300.0
COAL_2,Tue-21,294.0
COAL_2,Tue-22,271.9999999999998
COAL_2,Tue-23,248.0
COAL_2,Wed-00,233.33333329999982
COAL_2,Wed-01,233.33333329999982
COAL_2,Wed-02,233.33333329999982
COAL_2,Wed-03,233.33333329999982
COAL_2,Wed-04,233.33333329999982
COAL_2,Wed-05,233.33333329999982
COAL_2,Wed-06,265.0
COAL_2,Wed-07,298.0
COAL_2,Wed-08,332.0
COAL_2,Wed-09,354.99999999999994
COAL_2,Wed-10,374.0
COAL_2,Wed-11,378.99999999999994
COAL_2,Wed-12,371.0
COAL_2,Wed-13,373.0
COAL_2,Wed-14,371.0
COAL_2,Wed-15,361.0
COAL_2,Wed-16,346.00000000000006
COAL_2,Wed-17,326.0
COAL_2,Wed-18,303.0
COAL_2,Wed-19,293.0
COAL_2,Wed-20,301.0
COAL_2,Wed-21,295.0
COAL_2,Wed-22,273.0
COAL_2,Wed-23,249.00000000000006
COAL_2,Thu-00,233.33333329999982
COAL_2,Thu-01,233.33333329999982
COAL_2,Thu-02,233.33333329999982
COAL_2,Thu-03,233.33333329999982
COAL_2,Thu-04,233.33333329999982
COAL_2,Thu-05,233.33333329999982
COAL_2,Thu-06,267.0
COAL_2,Thu-07,300.0
COAL_2,Thu-08,333.99999999999994
COAL_2,Thu-09,358.0
COAL_2,Thu-10,377.0
COAL_2,Thu-11,381.0
COAL_2,Thu-12,373.0
COAL_2,Thu-13,375.0
COAL_2,Thu-14,373.0
COAL_2,Thu-15,363.0
COAL_2,Thu-16,348.0
COAL_2,Thu-17,326.99999999999994
COAL_2,Thu-18,305.0
COAL_2,Thu-19,294.0
COAL_2,Thu-20,302.0
COAL_2,Thu-21,296.9999999999998
COAL_2,Thu-22,274.0
COAL_2,Thu-23,251.00000000000023
COAL_2,Fri-00,233.33333329999982
COAL_2,Fri-01,233.33333329999982
COAL_2,Fri-02,233.33333329999982
COAL_2,Fri-03,233.33333329999982
COAL_2,Fri-04,233.33333329999982
COAL_2,Fri-05,233.33333329999982
COAL_2,Fri-06,276.0
COAL_2,Fri-07,306.0
COAL_2,Fri-08,340.0
COAL_2,Fri-09,365.0
COAL_2,Fri-10,384.0
COAL_2,Fri-11,386.0
COAL_2,Fri-12,375.0
COAL_2,Fri-13,377.0
COAL_2,Fri-14,372.0
COAL_2,Fri-15,360.0
COAL_2,Fri-16,349.0
COAL_2,Fri-17,323.0
COAL_2,Fri-18,296.0
COAL_2,Fri-19,278.0
COAL_2,Fri-20,283.0
COAL_2,Fri-21,271.0
COAL_2,Fri-22,245.0
COAL_2,Fri-23,233.33333329999982
COAL_2,Sat-00,233.33333329999982
COAL_2,Sat-01,233.33333329999982
COAL_2,Sat-02,233.33333329999982
COAL_2,Sat-03,233.33333329999982
COAL_2,Sat-04,233.33333329999982
COAL_2,Sat-05,233.33333329999982
COAL_2,Sat-06,233.33333329999982
COAL_2,Sat-07,233.33333329999982
COAL_2,Sat-08,233.33333329999982
COAL_2,Sat-09,233.33333329999982
COAL_2,Sat-10,233.33333329999982
COAL_2,Sat-11,240.0
COAL_2,Sat-12,238.0
COAL_2,Sat-13,233.33333329999982
COAL_2,Sat-14,233.33333329999982
COAL_2,Sat-15,233.33333329999982
COAL_2,Sat-16,233.33333329999982
COAL_2,Sat-17,233.33333329999982
COAL_2,Sat-18,233.33333329999982
COAL_2,Sat-19,233.33333329999982
COAL_2,Sat-20,233.33333329999982
COAL_2,Sat-21,233.33333329999982
COAL_2,Sat-22,233.33333329999982
COAL_2,Sat-23,233.33333329999982
COAL_2,Sun-00,233.33333329999982
COAL_2,Sun-01,233.33333329999982
COAL_2,Sun-02,233.33333329999982
COAL_2,Sun-03,233.33333329999982
COAL_2,Sun-04,233.33333329999982
COAL_2,Sun-05,233.33333329999982
COAL_2,Sun-06,233.33333329999982
COAL_2,Sun-07,233.33333329999982
COAL_2,Sun-08,233.33333329999982
COAL_2,Sun-09,233.33333329999982
COAL_2,Sun-10,233.33333329999982
COAL_2,Sun-11,233.33333329999982
COAL_2,Sun-12,233.33333329999982
COAL_2,Sun-13,233.33333329999982
COAL_2,Sun-14,233.33333329999982
COAL_2,Sun-15,233.33333329999982
COAL_2,Sun-16,233.33333329999982
COAL_2,Sun-17,233.33333329999982
COAL_2,Sun-18,233.33333329999982
COAL_2,Sun-19,233.33333329999982
COAL_2,Sun-20,233.33333329999982
COAL_2,Sun-21,233.33333329999982
COAL_2,Sun-22,233.33333329999982
COAL_2,Sun-23,233.33333329999982
GAS_1,Mon-00,110.0
GAS_1,Mon-01,127.33333329999985
GAS_1,Mon-02,220.0
GAS_1,Mon-03,220.0
GAS_1,Mon-04,220.0
GAS_1,Mon-05,220.0
GAS_1,Mon-06,220.0
GAS_1,Mon-07,220.0
GAS_1,Mon-08,220.0
GAS_1,Mon-09,220.0
GAS_1,Mon-10,220.0
GAS_1,Mon-11,220.0
GAS_1,Mon-12,220.0
GAS_1,Mon-13,220.0
GAS_1,Mon-14,220.0
GAS_1,Mon-15,220.0
GAS_1,Mon-16,220.0
GAS_1,Mon-17,220.0
GAS_1,Mon-18,220.0
GAS_1,Mon-19,220.0
GAS_1,Mon-20,220.0
GAS_1,Mon-21,220.0
GAS_1,Mon-22,220.0
GAS_1,Mon-23,220.0
GAS_1,Tue-00,220.0
GAS_1,Tue-01,220.0
GAS_1,Tue-02,220.0
GAS_1,Tue-03,220.0
GAS_1,Tue-04,220.0
GAS_1,Tue-05,220.0
GAS_1,Tue-06,220.0
GAS_1,Tue-07,220.0
GAS_1,Tue-08,220.0
GAS_1,Tue-09,220.0
GAS_1,Tue-10,220.0
GAS_1,Tue-11,220.0
GAS_1,Tue-12,220.0
GAS_1,Tue-13,220.0
GAS_1,Tue-14,220.0
GAS_1,Tue-15,220.0
GAS_1,Tue-16,220.0
GAS_1,Tue-17,220.0
GAS_1,Tue-18,220.0
GAS_1,Tue-19,220.0
GAS_1,Tue-20,220.0
GAS_1,Tue-21,220.0
GAS_1,Tue-22,220.0
GAS_1,Tue-23,220.0
GAS_1,Wed-00,220.0
GAS_1,Wed-01,220.0
GAS_1,Wed-02,220.0
GAS_1,Wed-03,220.0
GAS_1,Wed-04,220.0
GAS_1,Wed-05,220.0
GAS_1,Wed-06,220.0
GAS_1,Wed-07,220.0
GAS_1,Wed-08,220.0
GAS_1,Wed-09,220.0
GAS_1,Wed-10,220.0
GAS_1,Wed-11,220.0
GAS_1,Wed-12,220.0
GAS_1,Wed-13,220.0
GAS_1,Wed-14,220.0
GAS_1,Wed-15,220.0
GAS_1,Wed-16,220.0
GAS_1,Wed-17,220.0
GAS_1,Wed-18,220.0
GAS_1,Wed-19,220.0
GAS_1,Wed-20,220.0
GAS_1,Wed-21,220.0
GAS_1,Wed-22,220.0
GAS_1,Wed-23,220.0
GAS_1,Thu-00,220.0
GAS_1,Thu-01,220.0
GAS_1,Thu-02,220.0
GAS_1,Thu-03,220.0
GAS_1,Thu-04,220.0
GAS_1,Thu-05,220.0
GAS_1,Thu-06,220.0
GAS_1,Thu-07,220.0
GAS_1,Thu-08,220.0
GAS_1,Thu-09,220.0
GAS_1,Thu-10,220.0
GAS_1,Thu-11,220.0
GAS_1,Thu-12,220.0
GAS_1,Thu-13,220.0
GAS_1,Thu-14,220.0
GAS_1,Thu-15,220.0
GAS_1,Thu-16,220.0
GAS_1,Thu-17,220.0
GAS_1,Thu-18,220.0
GAS_1,Thu-19,220.0
GAS_1,Thu-20,220.0
GAS_1,Thu-21,220.0
GAS_1,Thu-22,220.0
GAS_1,Thu-23,220.0
GAS_1,Fri-00,220.0
GAS_1,Fri-01,220.0
GAS_1,Fri-02,220.0
GAS_1,Fri-03,220.0
GAS_1,Fri-04,220.0
GAS_1,Fri-05,220.0
GAS_1,Fri-06,220.0
GAS_1,Fri-07,220.0
GAS_1,Fri-08,220.0
GAS_1,Fri-09,220.0
GAS_1,Fri-10,220.0
GAS_1,Fri-11,220.0
GAS_1,Fri-12,220.0
GAS_1,Fri-13,220.0
GAS_1,Fri-14,220.0
GAS_1,Fri-15,220.0
GAS_1,Fri-16,220.0
GAS_1,Fri-17,220.0
GAS_1,Fri-18,220.0
GAS_1,Fri-19,220.0
GAS_1,Fri-20,220.0
GAS_1,Fri-21,220.0
GAS_1,Fri-22,220.0
GAS_1,Fri-23,220.0
GAS_1,Sat-00,220.0
GAS_1,Sat-01,220.0
GAS_1,Sat-02,220.0
GAS_1,Sat-03,220.0
GAS_1,Sat-04,220.0
GAS_1,Sat-05,220.0
GAS_1,Sat-06,220.0
GAS_1,Sat-07,220.0
GAS_1,Sat-08,220.0
GAS_1,Sat-09,220.0
GAS_1,Sat-10,220.0
GAS_1,Sat-11,220.0
GAS_1,Sat-12,220.0
GAS_1,Sat-13,220.0
GAS_1,Sat-14,220.0
GAS_1,Sat-15,220.0
GAS_1,Sat-16,220.0
GAS_1,Sat-17,220.0
GAS_1,Sat-18,220.0
GAS_1,Sat-19,220.0
GAS_1,Sat-20,220.0
GAS_1,Sat-21,220.0
GAS_1,Sat-22,220.0
GAS_1,Sat-23,220.0
GAS_1,Sun-00,220.0
GAS_1,Sun-01,220.0
GAS_1,Sun-02,220.0
GAS_1,Sun-03,220.0
GAS_1,Sun-04,220.0
GAS_1,Sun-05,220.0
GAS_1,Sun-06,220.0
GAS_1,Sun-07,220.0
GAS_1,Sun-08,220.0
GAS_1,Sun-09,220.0
GAS_1,Sun-10,220.0
GAS_1,Sun-11,220.0
GAS_1,Sun-12,220.0
GAS_1,Sun-13,220.0
GAS_1,Sun-14,220.0
GAS_1,Sun-15,220.0
GAS_1,Sun-16,220.0
GAS_1,Sun-17,220.0
GAS_1,Sun-18,220.0
GAS_1,Sun-19,220.0
GAS_1,Sun-20,220.0
GAS_1,Sun-21,220.0
GAS_1,Sun-22,220.0
GAS_1,Sun-23,220.0
GAS_2,Mon-00,127.66666670000018
GAS_2,Mon-01,210.0
GAS_2,Mon-02,210.0
GAS_2,Mon-03,210.0
GAS_2,Mon-04,210.0
GAS_2,Mon-05,210.0
GAS_2,Mon-06,210.0
GAS_2,Mon-07,210.0
GAS_2,Mon-08,210.0
GAS_2,Mon-09,210.0
GAS_2,Mon-10,210.0
GAS_2,Mon-11,210.0
GAS_2,Mon-12,210.0
GAS_2,Mon-13,210.0
GAS_2,Mon-14,210.0
GAS_2,Mon-15,210.0
GAS_2,Mon-16,210.0
GAS_2,Mon-17,210.0
GAS_2,Mon-18,210.0
GAS_2,Mon-19,210.0
GAS_2,Mon-20,210.0
GAS_2,Mon-21,210.0
GAS_2,Mon-22,210.0
GAS_2,Mon-23,210.0
GAS_2,Tue-00,210.0
GAS_2,Tue-01,210.0
GAS_2,Tue-02,210.0
GAS_2,Tue-03,210.0
GAS_2,Tue-04,210.0
GAS_2,Tue-05,210.0
GAS_2,Tue-06,210.0
GAS_2,Tue-07,210.0
GAS_2,Tue-08,210.0
GAS_2,Tue-09,210.0
GAS_2,Tue-10,210.0
GAS_2,Tue-11,210.0
GAS_2,Tue-12,210.0
GAS_2,Tue-13,210.0
GAS_2,Tue-14,210.0
GAS_2,Tue-15,210.0
GAS_2,Tue-16,210.0
GAS_2,Tue-17,210.0
GAS_2,Tue-18,210.0
GAS_2,Tue-19,210.0
GAS_2,Tue-20,210.0
GAS_2,Tue-21,210.0
GAS_2,Tue-22,210.0
GAS_2,Tue-23,210.0
GAS_2,Wed-00,210.0
GAS_2,Wed-01,210.0
GAS_2,Wed-02,210.0
GAS_2,Wed-03,210.0
GAS_2,Wed-04,210.0
GAS_2,Wed-05,210.0
GAS_2,Wed-06,210.0
GAS_2,Wed-07,210.0
GAS_2,Wed-08,210.0
GAS_2,Wed-09,210.0
GAS_2,Wed-10,210.0
GAS_2,Wed-11,210.0
GAS_2,Wed-12,210.0
GAS_2,Wed-13,210.0
GAS_2,Wed-14,210.0
GAS_2,Wed-15,210.0
GAS_2,Wed-16,210.0
GAS_2,Wed-17,210.0
GAS_2,Wed-18,210.0
GAS_2,Wed-19,210.0
GAS_2,Wed-20,210.0
GAS_2,Wed-21,210.0
GAS_2,Wed-22,210.0
GAS_2,Wed-23,210.0
GAS_2,Thu-00,210.0
GAS_2,Thu-01,210.0
GAS_2,Thu-02,210.0
GAS_2,Thu-03,210.0
GAS_2,Thu-04,210.0
GAS_2,Thu-05,210.0
GAS_2,Thu-06,210.0
GAS_2,Thu-07,210.0
GAS_2,Thu-08,210.0
GAS_2,Thu-09,210.0
GAS_2,Thu-10,210.0
GAS_2,Thu-11,210.0
GAS_2,Thu-12,210.0
GAS_2,Thu-13,210.0
GAS_2,Thu-14,210.0
GAS_2,Thu-15,210.0
GAS_2,Thu-16,210.0
GAS_2,Thu-17,210.0
GAS_2,Thu-18,210.0
GAS_2,Thu-19,210.0
GAS_2,Thu-20,210.0
GAS_2,Thu-21,210.0
GAS_2,Thu-22,210.0
GAS_2,Thu-23,210.0
GAS_2,Fri-00,210.0
GAS_2,Fri-01,210.0
GAS_2,Fri-02,210.0
GAS_2,Fri-03,210.0
GAS_2,Fri-04,210.0
GAS_2,Fri-05,210.0
GAS_2,Fri-06,210.0
GAS_2,Fri-07,210.0
GAS_2,Fri-08,210.0
GAS_2,Fri-09,210.0
GAS_2,Fri-10,210.0
GAS_2,Fri-11,210.0
GAS_2,Fri-12,210.0
GAS_2,Fri-13,210.0
GAS_2,Fri-14,210.0
GAS_2,Fri-15,210.0
GAS_2,Fri-16,210.0
GAS_2,Fri-17,210.0
GAS_2,Fri-18,210.0
GAS_2,Fri-19,210.0
GAS_2,Fri-20,210.0
GAS_2,Fri-21,210.0
GAS_2,Fri-22,210.0
GAS_2,Fri-23,210.0
GAS_2,Sat-00,210.0
GAS_2,Sat-01,210.0
GAS_2,Sat-02,210.0
GAS_2,Sat-03,210.0
GAS_2,Sat-04,210.0
GAS_2,Sat-05,210.0
GAS_2,Sat-06,210.0
GAS_2,Sat-07,210.0
GAS_2,Sat-08,210.0
GAS_2,Sat-09,210.0
GAS_2,Sat-10,210.0
GAS_2,Sat-11,210.0
GAS_2,Sat-12,210.0
GAS_2,Sat-13,210.0
GAS_2,Sat-14,210.0
GAS_2,Sat-15,210.0
GAS_2,Sat-16,210.0
GAS_2,Sat-17,210.0
GAS_2,Sat-18,210.0
GAS_2,Sat-19,210.0
GAS_2,Sat-20,210.0
GAS_2,Sat-21,210.0
GAS_2,Sat-22,210.0
GAS_2,Sat-23,210.0
GAS_2,Sun-00,210.0
GAS_2,Sun-01,210.0
GAS_2,Sun-02,210.0
GAS_2,Sun-03,210.0
GAS_2,Sun-04,210.0
GAS_2,Sun-05,210.0
GAS_2,Sun-06,210.0
GAS_2,Sun-07,210.0
GAS_2,Sun-08,210.0
GAS_2,Sun-09,210.0
GAS_2,Sun-10,210.0
GAS_2,Sun-11,210.0
GAS_2,Sun-12,210.0
GAS_2,Sun-13,210.0
GAS_2,Sun-14,210.0
GAS_2,Sun-15,210.0
GAS_2,Sun-16,210.0
GAS_2,Sun-17,210.0
GAS_2,Sun-18,210.0
GAS_2,Sun-19,210.0
GAS_2,Sun-20,210.0
GAS_2,Sun-21,210.0
GAS_2,Sun-22,210.0
GAS_2,Sun-23,210.0
GAS_3,Mon-00,165.0
GAS_3,Mon-01,165.0
GAS_3,Mon-02,165.0
GAS_3,Mon-03,165.0
GAS_3,Mon-04,165.0
GAS_3,Mon-05,165.0
GAS_3,Mon-06,165.0
GAS_3,Mon-07,165.0
GAS_3,Mon-08,165.0
GAS_3,Mon-09,165.0
GAS_3,Mon-10,165.0
GAS_3,Mon-11,165.0
GAS_3,Mon-12,165.0
GAS_3,Mon-13,165.0
GAS_3,Mon-14,165.0
GAS_3,Mon-15,165.0
GAS_3,Mon-16,165.0
GAS_3,Mon-17,165.0
GAS_3,Mon-18,165.0
GAS_3,Mon-19,165.0
GAS_3,Mon-20,165.0
GAS_3,Mon-21,165.0
GAS_3,Mon-22,165.0
GAS_3,Mon-23,165.0
GAS_3,Tue-00,165.0
GAS_3,Tue-01,165.0
GAS_3,Tue-02,165.0
GAS_3,Tue-03,165.0
GAS_3,Tue-04,165.0
GAS_3,Tue-05,165.0
GAS_3,Tue-06,165.0
GAS_3,Tue-07,165.0
GAS_3,Tue-08,165.0
GAS_3,Tue-09,165.0
GAS_3,Tue-10,165.0
GAS_3,Tue-11,165.0
GAS_3,Tue-12,165.0
GAS_3,Tue-13,165.0
GAS_3,Tue-14,165.0
GAS_3,Tue-15,165.0
GAS_3,Tue-16,165.0
GAS_3,Tue-17,165.0
GAS_3,Tue-18,165.0
GAS_3,Tue-19,165.0
GAS_3,Tue-20,165.0
GAS_3,Tue-21,165.0
GAS_3,Tue-22,165.0
GAS_3,Tue-23,165.0
GAS_3,Wed-00,165.0
GAS_3,Wed-01,165.0
GAS_3,Wed-02,165.0
GAS_3,Wed-03,165.0
GAS_3,Wed-04,165.0
GAS_3,Wed-05,165.0
GAS_3,Wed-06,165.0
GAS_3,Wed-07,165.0
GAS_3,Wed-08,165.0
GAS_3,Wed-09,165.0
GAS_3,Wed-10,165.0
GAS_3,Wed-11,165.0
GAS_3,Wed-12,165.0
GAS_3,Wed-13,165.0
GAS_3,Wed-14,165.0
GAS_3,Wed-15,165.0
GAS_3,Wed-16,165.0
GAS_3,Wed-17,165.0
GAS_3,Wed-18,165.0
GAS_3,Wed-19,165.0
GAS_3,Wed-20,165.0
GAS_3,Wed-21,165.0
GAS_3,Wed-22,165.0
GAS_3,Wed-23,165.0
GAS_3,Thu-00,165.0
GAS_3,Thu-01,165.0
GAS_3,Thu-02,165.0
GAS_3,Thu-03,165.0
GAS_3,Thu-04,165.0
GAS_3,Thu-05,165.0
GAS_3,Thu-06,165.0
GAS_3,Thu-07,165.0
GAS_3,Thu-08,165.0
GAS_3,Thu-09,165.0
GAS_3,Thu-10,165.0
GAS_3,Thu-11,165.0
GAS_3,Thu-12,165.0
GAS_3,Thu-13,165.0
GAS_3,Thu-14,165.0
GAS_3,Thu-15,165.0
GAS_3,Thu-16,165.0
GAS_3,Thu-17,165.0
GAS_3,Thu-18,165.0
GAS_3,Thu-19,165.0
GAS_3,Thu-20,165.0
GAS_3,Thu-21,165.0
GAS_3,Thu-22,165.0
GAS_3,Thu-23,165.0
GAS_3,Fri-00,165.0
GAS_3,Fri-01,165.0
GAS_3,Fri-02,165.0
GAS_3,Fri-03,165.0
GAS_3,Fri-04,165.0
GAS_3,Fri-05,165.0
GAS_3,Fri-06,165.0
GAS_3,Fri-07,165.0
GAS_3,Fri-08,165.0
GAS_3,Fri-09,165.0
GAS_3,Fri-10,165.0
GAS_3,Fri-11,165.0
GAS_3,Fri-12,165.0
GAS_3,Fri-13,165.0
GAS_3,Fri-14,165.0
GAS_3,Fri-15,165.0
GAS_3,Fri-16,165.0
GAS_3,Fri-17,165.0
GAS_3,Fri-18,165.0
GAS_3,Fri-19,165.0
GAS_3,Fri-20,165.0
GAS_3,Fri-21,165.0
GAS_3,Fri-22,165.0
GAS_3,Fri-23,165.0
GAS_3,Sat-00,165.0
GAS_3,Sat-01,165.0
GAS_3,Sat-02,165.0
GAS_3,Sat-03,165.0
GAS_3,Sat-04,165.0
GAS_3,Sat-05,165.0
GAS_3,Sat-06,165.0
GAS_3,Sat-07,165.0
GAS_3,Sat-08,165.0
GAS_3,Sat-09,165.0
GAS_3,Sat-10,165.0
GAS_3,Sat-11,165.0
GAS_3,Sat-12,165.0
GAS_3,Sat-13,165.0
GAS_3,Sat-14,165.0
GAS_3,Sat-15,165.0
GAS_3,Sat-16,165.0
GAS_3,Sat-17,165.0
GAS_3,Sat-18,165.0
GAS_3,Sat-19,165.0
GAS_3,Sat-20,165.0
GAS_3,Sat-21,165.0
GAS_3,Sat-22,165.0
GAS_3,Sat-23,165.0
GAS_3,Sun-00,165.0
GAS_3,Sun-01,165.0
GAS_3,Sun-02,165.0
GAS_3,Sun-03,165.0
GAS_3,Sun-04,165.0
GAS_3,Sun-05,165.0
GAS_3,Sun-06,165.0
GAS_3,Sun-07,165.0
GAS_3,Sun-08,165.0
GAS_3,Sun-09,165.0
GAS_3,Sun-10,165.0
GAS_3,Sun-11,165.0
GAS_3,Sun-12,165.0
GAS_3,Sun-13,165.0
GAS_3,Sun-14,165.0
GAS_3,Sun-15,165.0
GAS_3,Sun-16,165.0
GAS_3,Sun-17,165.0
GAS_3,Sun-18,165.0
GAS_3,Sun-19,165.0
GAS_3,Sun-20,165.0
GAS_3,Sun-21,165.0
GAS_3,Sun-22,165.0
GAS_3,Sun-23,165.0
GAS_4,Mon-00,158.0
GAS_4,Mon-01,158.0
GAS_4,Mon-02,158.0
GAS_4,Mon-03,158.0
GAS_4,Mon-04,158.0
GAS_4,Mon-05,158.0
GAS_4,Mon-06,158.0
GAS_4,Mon-07,158.0
GAS_4,Mon-08,158.0
GAS_4,Mon-09,158.0
GAS_4,Mon-10,158.0
GAS_4,Mon-11,158.0
GAS_4,Mon-12,158.0
GAS_4,Mon-13,158.0
GAS_4,Mon-14,158.0
GAS_4,Mon-15,158.0
GAS_4,Mon-16,158.0
GAS_4,Mon-17,158.0
GAS_4,Mon-18,158.0
GAS_4,Mon-19,158.0
GAS_4,Mon-20,158.0
GAS_4,Mon-21,158.0
GAS_4,Mon-22,158.0
GAS_4,Mon-23,158.0
GAS_4,Tue-00,158.0
GAS_4,Tue-01,158.0
GAS_4,Tue-02,158.0
GAS_4,Tue-03,158.0
GAS_4,Tue-04,158.0
GAS_4,Tue-05,158.0
GAS_4,Tue-06,158.0
GAS_4,Tue-07,158.0
GAS_4,Tue-08,158.0
GAS_4,Tue-09,158.0
GAS_4,Tue-10,158.0
GAS_4,Tue-11,158.0
GAS_4,Tue-12,158.0
GAS_4,Tue-13,158.0
GAS_4,Tue-14,158.0
GAS_4,Tue-15,158.0
GAS_4,Tue-16,158.0
GAS_4,Tue-17,158.0
GAS_4,Tue-18,158.0
GAS_4,Tue-19,158.0
GAS_4,Tue-20,158.0
GAS_4,Tue-21,158.0
GAS_4,Tue-22,158.0
GAS_4,Tue-23,158.0
GAS_4,Wed-00,158.0
GAS_4,Wed-01,158.0
GAS_4,Wed-02,158.0
GAS_4,Wed-03,158.0
GAS_4,Wed-04,158.0
GAS_4,Wed-05,158.0
GAS_4,Wed-06,158.0
GAS_4,Wed-07,158.0
GAS_4,Wed-08,158.0
GAS_4,Wed-09,158.0
GAS_4,Wed-10,158.0
GAS_4,Wed-11,158.0
GAS_4,Wed-12,158.0
GAS_4,Wed-13,158.0
GAS_4,Wed-14,158.0
GAS_4,Wed-15,158.0
GAS_4,Wed-16,158.0
GAS_4,Wed-17,158.0
GAS_4,Wed-18,158.0
GAS_4,Wed-19,158.0
GAS_4,Wed-20,158.0
GAS_4,Wed-21,158.0
GAS_4,Wed-22,158.0
GAS_4,Wed-23,158.0
GAS_4,Thu-00,158.0
GAS_4,Thu-01,158.0
GAS_4,Thu-02,158.0
GAS_4,Thu-03,158.0
GAS_4,Thu-04,158.0
GAS_4,Thu-05,158.0
GAS_4,Thu-06,158.0
GAS_4,Thu-07,158.0
GAS_4,Thu-08,158.0
GAS_4,Thu-09,158.0
GAS_4,Thu-10,158.0
GAS_4,Thu-11,158.0
GAS_4,Thu-12,158.0
GAS_4,Thu-13,158.0
GAS_4,Thu-14,158.0
GAS_4,Thu-15,158.0
GAS_4,Thu-16,158.0
GAS_4,Thu-17,158.0
GAS_4,Thu-18,158.0
GAS_4,Thu-19,158.0
GAS_4,Thu-20,158.0
GAS_4,Thu-21,158.0
GAS_4,Thu-22,158.0
GAS_4,Thu-23,158.0
GAS_4,Fri-00,158.0
GAS_4,Fri-01,158.0
GAS_4,Fri-02,158.0
GAS_4,Fri-03,158.0
GAS_4,Fri-04,158.0
GAS_4,Fri-05,158.0
GAS_4,Fri-06,158.0
GAS_4,Fri-07,158.0
GAS_4,Fri-08,158.0
GAS_4,Fri-09,158.0
GAS_4,Fri-10,158.0
GAS_4,Fri-11,158.0
GAS_4,Fri-12,158.0
GAS_4,Fri-13,158.0
GAS_4,Fri-14,158.0
GAS_4,Fri-15,158.0
GAS_4,Fri-16,158.0
GAS_4,Fri-17,158.0
GAS_4,Fri-18,158.0
GAS_4,Fri-19,158.0
GAS_4,Fri-20,158.0
GAS_4,Fri-21,158.0
GAS_4,Fri-22,158.0
GAS_4,Fri-23,158.0
GAS_4,Sat-00,158.0
GAS_4,Sat-01,158.0
GAS_4,Sat-02,158.0
GAS_4,Sat-03,158.0
GAS_4,Sat-04,158.0
GAS_4,Sat-05,158.0
GAS_4,Sat-06,158.0
GAS_4,Sat-07,158.0
GAS_4,Sat-08,158.0
GAS_4,Sat-09,158.0
GAS_4,Sat-10,158.0
GAS_4,Sat-11,158.0
GAS_4,Sat-12,158.0
GAS_4,Sat-13,158.0
GAS_4,Sat-14,158.0
GAS_4,Sat-15,158.0
GAS_4,Sat-16,158.0
GAS_4,Sat-17,158.0
GAS_4,Sat-18,158.0
GAS_4,Sat-19,158.0
GAS_4,Sat-20,158.0
GAS_4,Sat-21,158.0
GAS_4,Sat-22,158.0
GAS_4,Sat-23,158.0
GAS_4,Sun-00,158.0
GAS_4,Sun-01,158.0
GAS_4,Sun-02,158.0
GAS_4,Sun-03,158.0
GAS_4,Sun-04,158.0
GAS_4,Sun-05,158.0
GAS_4,Sun-06,158.0
GAS_4,Sun-07,158.0
GAS_4,Sun-08,158.0
GAS_4,Sun-09,158.0
GAS_4,Sun-10,158.0
GAS_4,Sun-11,158.0
GAS_4,Sun-12,158.0
GAS_4,Sun-13,158.0
GAS_4,Sun-14,158.0
GAS_4,Sun-15,158.0
GAS_4,Sun-16,158.0
GAS_4,Sun-17,158.0
GAS_4,Sun-18,158.0
GAS_4,Sun-19,158.0
GAS_4,Sun-20,158.0
GAS_4,Sun-21,158.0
GAS_4,Sun-22,158.0
GAS_4,Sun-23,158.0
DIESEL_1,Mon-00,54.0
DIESEL_1,Mon-01,32.66666670000016
DIESEL_1,Mon-02,72.66666670000015
DIESEL_1,Mon-03,48.66666670000015
DIESEL_1,Mon-04,33.66666670000018
DIESEL_1,Mon-05,69.66666670000018
DIESEL_1,Mon-06,90.0
DIESEL_1,Mon-07,90.0
DIESEL_1,Mon-08,90.0
DIESEL_1,Mon-09,90.0
DIESEL_1,Mon-10,90.0
DIESEL_1,Mon-11,90.0
DIESEL_1,Mon-12,90.0
DIESEL_1,Mon-13,90.0
DIESEL_1,Mon-14,90.0
DIESEL_1,Mon-15,90.0
DIESEL_1,Mon-16,90.0
DIESEL_1,Mon-17,90.0
DIESEL_1,Mon-18,90.0
DIESEL_1,Mon-19,90.0
DIESEL_1,Mon-20,90.0
DIESEL_1,Mon-21,90.0
DIESEL_1,Mon-22,90.0
DIESEL_1,Mon-23,90.0
DIESEL_1,Tue-00,90.0
DIESEL_1,Tue-01,90.0
DIESEL_1,Tue-02,88.66666670000012
DIESEL_1,Tue-03,79.66666670000018
DIESEL_1,Tue-04,81.66666670000018
DIESEL_1,Tue-05,90.0
DIESEL_1,Tue-06,90.0
DIESEL_1,Tue-07,90.0
DIESEL_1,Tue-08,90.0
DIESEL_1,Tue-09,90.0
DIESEL_1,Tue-10,90.0
DIESEL_1,Tue-11,90.0
DIESEL_1,Tue-12,90.0
DIESEL_1,Tue-13,90.0
DIESEL_1,Tue-14,90.0
DIESEL_1,Tue-15,90.0
DIESEL_1,Tue-16,90.0
DIESEL_1,Tue-17,90.0
DIESEL_1,Tue-18,90.0
DIESEL_1,Tue-19,90.0
DIESEL_1,Tue-20,90.0
DIESEL_1,Tue-21,90.0
DIESEL_1,Tue-22,90.0
DIESEL_1,Tue-23,90.0
DIESEL_1,Wed-00,90.0
DIESEL_1,Wed-01,90.0
DIESEL_1,Wed-02,88.66666670000016
DIESEL_1,Wed-03,78.66666670000018
DIESEL_1,Wed-04,80.66666670000018
DIESEL_1,Wed-05,90.0
DIESEL_1,Wed-06,90.0
DIESEL_1,Wed-07,90.0
DIESEL_1,Wed-08,90.0
DIESEL_1,Wed-09,90.0
DIESEL_1,Wed-10,90.0
DIESEL_1,Wed-11,90.0
DIESEL_1,Wed-12,90.0
DIESEL_1,Wed-13,90.0
DIESEL_1,Wed-14,90.0
DIESEL_1,Wed-15,90.0
DIESEL_1,Wed-16,90.0
DIESEL_1,Wed-17,90.0
DIESEL_1,Wed-18,90.0
DIESEL_1,Wed-19,90.0
DIESEL_1,Wed-20,90.0
DIESEL_1,Wed-21,90.0
DIESEL_1,Wed-22,90.0
DIESEL_1,Wed-23,90.0
DIESEL_1,Thu-00,90.0
DIESEL_1,Thu-01,90.0
DIESEL_1,Thu-02,89.66666670000018
DIESEL_1,Thu-03,79.66666670000018
DIESEL_1,Thu-04,82.66666670000018
DIESEL_1,Thu-05,90.0
DIESEL_1,Thu-06,90.0
DIESEL_1,Thu-07,90.0
DIESEL_1,Thu-08,90.0
DIESEL_1,Thu-09,90.0
DIESEL_1,Thu-10,90.0
DIESEL_1,Thu-11,90.0
DIESEL_1,Thu-12,90.0
DIESEL_1,Thu-13,90.0
DIESEL_1,Thu-14,90.0
DIESEL_1,Thu-15,90.0
DIESEL_1,Thu-16,90.0
DIESEL_1,Thu-17,90.0
DIESEL_1,Thu-18,90.0
DIESEL_1,Thu-19,90.0
DIESEL_1,Thu-20,90.0
DIESEL_1,Thu-21,90.0
DIESEL_1,Thu-22,90.0
DIESEL_1,Thu-23,90.0
DIESEL_1,Fri-00,90.0
DIESEL_1,Fri-01,90.0
DIESEL_1,Fri-02,90.0
DIESEL_1,Fri-03,88.66666670000018
DIESEL_1,Fri-04,90.0
DIESEL_1,Fri-05,90.0
DIESEL_1,Fri-06,90.0
DIESEL_1,Fri-07,90.0
DIESEL_1,Fri-08,90.0
DIESEL_1,Fri-09,90.0
DIESEL_1,Fri-10,90.0
DIESEL_1,Fri-11,90.0
DIESEL_1,Fri-12,90.0
DIESEL_1,Fri-13,90.0
DIESEL_1,Fri-14,90.0
DIESEL_1,Fri-15,90.0
DIESEL_1,Fri-16,90.0
DIESEL_1,Fri-17,90.0
DIESEL_1,Fri-18,90.0
DIESEL_1,Fri-19,90.0
DIESEL_1,Fri-20,90.0
DIESEL_1,Fri-21,90.0
DIESEL_1,Fri-22,90.0
DIESEL_1,Fri-23,90.0
DIESEL_1,Sat-00,85.66666670000018
DIESEL_1,Sat-01,71.66666670000018
DIESEL_1,Sat-02,57.66666670000018
DIESEL_1,Sat-03,47.66666670000018
DIESEL_1,Sat-04,42.66666670000018
DIESEL_1,Sat-05,50.66666670000018
DIESEL_1,Sat-06,62.66666670000018
DIESEL_1,Sat-07,69.66666670000018
DIESEL_1,Sat-08,88.66666670000018
DIESEL_1,Sat-09,90.0
DIESEL_1,Sat-10,90.0
DIESEL_1,Sat-11,90.0
DIESEL_1,Sat-12,90.0
DIESEL_1,Sat-13,90.0
DIESEL_1,Sat-14,90.0
DIESEL_1,Sat-15,90.0
DIESEL_1,Sat-16,90.0
DIESEL_1,Sat-17,89.66666670000018
DIESEL_1,Sat-18,81.66666670000018
DIESEL_1,Sat-19,72.66666670000018
DIESEL_1,Sat-20,70.66666670000018
DIESEL_1,Sat-21,61.66666670000018
DIESEL_1,Sat-22,90.0
DIESEL_1,Sat-23,90.0
DIESEL_1,Sun-00,82.66666670000018
DIESEL_1,Sun-01,58.66666670000018
DIESEL_1,Sun-02,61.66666670000018
DIESEL_1,Sun-03,37.66666670000018
DIESEL_1,Sun-04,56.66666670000018
DIESEL_1,Sun-05,58.66666670000018
DIESEL_1,Sun-06,62.66666670000018
DIESEL_1,Sun-07,58.66666670000018
DIESEL_1,Sun-08,72.66666670000018
DIESEL_1,Sun-09,89.66666670000018
DIESEL_1,Sun-10,90.0
DIESEL_1,Sun-11,90.0
DIESEL_1,Sun-12,90.0
DIESEL_1,Sun-13,85.66666670000018
DIESEL_1,Sun-14,61.66666670000018
DIESEL_1,Sun-15,61.66666670000018
DIESEL_1,Sun-16,80.66666670000018
DIESEL_1,Sun-17,56.66666670000018
DIESEL_1,Sun-18,88.66666670000018
DIESEL_1,Sun-19,64.66666670000018
DIESEL_1,Sun-20,50.0
DIESEL_1,Sun-21,90.0
DIESEL_1,Sun-22,90.0
DIESEL_1,Sun-23,90.0
DIESEL_2,Mon-00,31.0
DIESEL_2,Mon-01,0.0
DIESEL_2,Mon-02,0.0
DIESEL_2,Mon-03,58.00000000000003
DIESEL_2,Mon-04,87.0
DIESEL_2,Mon-05,87.0
DIESEL_2,Mon-06,87.0
DIESEL_2,Mon-07,87.0
DIESEL_2,Mon-08,87.0
DIESEL_2,Mon-09,87.0
DIESEL_2,Mon-10,87.0
DIESEL_2,Mon-11,87.0
DIESEL_2,Mon-12,87.0
DIESEL_2,Mon-13,87.0
DIESEL_2,Mon-14,87.0
DIESEL_2,Mon-15,87.0
DIESEL_2,Mon-16,87.0
DIESEL_2,Mon-17,87.0
DIESEL_2,Mon-18,87.0
DIESEL_2,Mon-19,87.0
DIESEL_2,Mon-20,87.0
DIESEL_2,Mon-21,87.0
DIESEL_2,Mon-22,87.0
DIESEL_2,Mon-23,87.0
DIESEL_2,Tue-00,87.0
DIESEL_2,Tue-01,87.0
DIESEL_2,Tue-02,87.0
DIESEL_2,Tue-03,87.0
DIESEL_2,Tue-04,87.0
DIESEL_2,Tue-05,87.0
DIESEL_2,Tue-06,87.0
DIESEL_2,Tue-07,87.0
DIESEL_2,Tue-08,87.0
DIESEL_2,Tue-09,87.0
DIESEL_2,Tue-10,87.0
DIESEL_2,Tue-11,87.0
DIESEL_2,Tue-12,87.0
DIESEL_2,Tue-13,87.0
DIESEL_2,Tue-14,87.0
DIESEL_2,Tue-15,87.0
DIESEL_2,Tue-16,87.0
DIESEL_2,Tue-17,87.0
DIESEL_2,Tue-18,87.0
DIESEL_2,Tue-19,87.0
DIESEL_2,Tue-20,87.0
DIESEL_2,Tue-21,87.0
DIESEL_2,Tue-22,87.0
DIESEL_2,Tue-23,87.0
DIESEL_2,Wed-00,87.0
DIESEL_2,Wed-01,87.0
DIESEL_2,Wed-02,87.0
DIESEL_2,Wed-03,87.0
DIESEL_2,Wed-04,87.0
DIESEL_2,Wed-05,87.0
DIESEL_2,Wed-06,87.0
DIESEL_2,Wed-07,87.0
DIESEL_2,Wed-08,87.0
DIESEL_2,Wed-09,87.0
DIESEL_2,Wed-10,87.0
DIESEL_2,Wed-11,87.0
DIESEL_2,Wed-12,87.0
DIESEL_2,Wed-13,87.0
DIESEL_2,Wed-14,87.0
DIESEL_2,Wed-15,87.0
DIESEL_2,Wed-16,87.0
DIESEL_2,Wed-17,87.0
DIESEL_2,Wed-18,87.0
DIESEL_2,Wed-19,87.0
DIESEL_2,Wed-20,87.0
DIESEL_2,Wed-21,87.0
DIESEL_2,Wed-22,87.0
DIESEL_2,Wed-23,87.0
DIESEL_2,Thu-00,87.0
DIESEL_2,Thu-01,87.0
DIESEL_2,Thu-02,87.0
DIESEL_2,Thu-03,87.0
DIESEL_2,Thu-04,87.0
DIESEL_2,Thu-05,87.0
DIESEL_2,Thu-06,87.0
DIESEL_2,Thu-07,87.0
DIESEL_2,Thu-08,87.0
DIESEL_2,Thu-09,87.0
DIESEL_2,Thu-10,87.0
DIESEL_2,Thu-11,87.0
DIESEL_2,Thu-12,87.0
DIESEL_2,Thu-13,87.0
DIESEL_2,Thu-14,87.0
DIESEL_2,Thu-15,87.0
DIESEL_2,Thu-16,87.0
DIESEL_2,Thu-17,87.0
DIESEL_2,Thu-18,87.0
DIESEL_2,Thu-19,87.0
DIESEL_2,Thu-20,87.0
DIESEL_2,Thu-21,87.0
DIESEL_2,Thu-22,87.0
DIESEL_2,Thu-23,87.0
DIESEL_2,Fri-00,87.0
DIESEL_2,Fri-01,87.0
DIESEL_2,Fri-02,87.0
DIESEL_2,Fri-03,87.0
DIESEL_2,Fri-04,87.0
DIESEL_2,Fri-05,87.0
DIESEL_2,Fri-06,87.0
DIESEL_2,Fri-07,87.0
DIESEL_2,Fri-08,87.0
DIESEL_2,Fri-09,87.0
DIESEL_2,Fri-10,87.0
DIESEL_2,Fri-11,87.0
DIESEL_2,Fri-12,87.0
DIESEL_2,Fri-13,87.0
DIESEL_2,Fri-14,87.0
DIESEL_2,Fri-15,87.0
DIESEL_2,Fri-16,87.0
DIESEL_2,Fri-17,87.0
DIESEL_2,Fri-18,87.0
DIESEL_2,Fri-19,87.0
DIESEL_2,Fri-20,87.0
DIESEL_2,Fri-21,87.0
DIESEL_2,Fri-22,87.0
DIESEL_2,Fri-23,87.0
DIESEL_2,Sat-00,87.0
DIESEL_2,Sat-01,87.0
DIESEL_2,Sat-02,87.0
DIESEL_2,Sat-03,87.0
DIESEL_2,Sat-04,87.0
DIESEL_2,Sat-05,87.0
DIESEL_2,Sat-06,87.0
DIESEL_2,Sat-07,87.0
DIESEL_2,Sat-08,87.0
DIESEL_2,Sat-09,87.0
DIESEL_2,Sat-10,87.0
DIESEL_2,Sat-11,87.0
DIESEL_2,Sat-12,87.0
DIESEL_2,Sat-13,87.0
DIESEL_2,Sat-14,87.0
DIESEL_2,Sat-15,87.0
DIESEL_2,Sat-16,87.0
DIESEL_2,Sat-17,87.0
DIESEL_2,Sat-18,87.0
DIESEL_2,Sat-19,87.0
DIESEL_2,Sat-20,87.0
DIESEL_2,Sat-21,87.0
DIESEL_2,Sat-22,42.66666670000018
DIESEL_2,Sat-23,22.666666700000178
DIESEL_2,Sun-00,15.0
DIESEL_2,Sun-01,27.0
DIESEL_2,Sun-02,15.0
DIESEL_2,Sun-03,38.0
DIESEL_2,Sun-04,15.0
DIESEL_2,Sun-05,15.0
DIESEL_2,Sun-06,15.0
DIESEL_2,Sun-07,15.0
DIESEL_2,Sun-08,15.0
DIESEL_2,Sun-09,15.0
DIESEL_2,Sun-10,28.666666700000178
DIESEL_2,Sun-11,43.66666670000018
DIESEL_2,Sun-12,50.66666670000018
DIESEL_2,Sun-13,60.0
DIESEL_2,Sun-14,87.0
DIESEL_2,Sun-15,87.0
DIESEL_2,Sun-16,66.0
DIESEL_2,Sun-17,87.0
DIESEL_2,Sun-18,42.0
DIESEL_2,Sun-19,54.0
DIESEL_2,Sun-20,70.66666670000018
DIESEL_2,Sun-21,38.66666670000018
DIESEL_2,Sun-22,34.66666670000018
DIESEL_2,Sun-23,30.666666700000178
DIESEL_3,Mon-00,0.0
DIESEL_3,Mon-01,0.0
DIESEL_3,Mon-02,20.0
DIESEL_3,Mon-03,0.0
DIESEL_3,Mon-04,0.0
DIESEL_3,Mon-05,0.0
DIESEL_3,Mon-06,17.666666700000178
DIESEL_3,Mon-07,20.0
DIESEL_3,Mon-08,20.0
DIESEL_3,Mon-09,20.0
DIESEL_3,Mon-10,20.0
DIESEL_3,Mon-11,20.0
DIESEL_3,Mon-12,20.0
DIESEL_3,Mon-13,20.0
DIESEL_3,Mon-14,20.0
DIESEL_3,Mon-15,20.0
DIESEL_3,Mon-16,20.0
DIESEL_3,Mon-17,20.0
DIESEL_3,Mon-18,20.0
DIESEL_3,Mon-19,20.0
DIESEL_3,Mon-20,20.0
DIESEL_3,Mon-21,20.0
DIESEL_3,Mon-22,20.0
DIESEL_3,Mon-23,20.0
DIESEL_3,Tue-00,13.666666700000178
DIESEL_3,Tue-01,4.0
DIESEL_3,Tue-02,0.0
DIESEL_3,Tue-03,0.0
DIESEL_3,Tue-04,0.0
DIESEL_3,Tue-05,9.666666700000178
DIESEL_3,Tue-06,20.0
DIESEL_3,Tue-07,20.0
DIESEL_3,Tue-08,20.0
DIESEL_3,Tue-09,20.0
DIESEL_3,Tue-10,20.0
DIESEL_3,Tue-11,20.0
DIESEL_3,Tue-12,20.0
DIESEL_3,Tue-13,20.0
DIESEL_3,Tue-14,20.0
DIESEL_3,Tue-15,20.0
DIESEL_3,Tue-16,20.0
DIESEL_3,Tue-17,20.0
DIESEL_3,Tue-18,20.0
DIESEL_3,Tue-19,20.0
DIESEL_3,Tue-20,20.0
DIESEL_3,Tue-21,20.0
DIESEL_3,Tue-22,20.0
DIESEL_3,Tue-23,20.0
DIESEL_3,Wed-00,13.666666700000178
DIESEL_3,Wed-01,4.0
DIESEL_3,Wed-02,0.0
DIESEL_3,Wed-03,0.0
DIESEL_3,Wed-04,0.0
DIESEL_3,Wed-05,9.666666700000178
DIESEL_3,Wed-06,20.0
DIESEL_3,Wed-07,20.0
DIESEL_3,Wed-08,20.0
DIESEL_3,Wed-09,20.0
DIESEL_3,Wed-10,20.0
DIESEL_3,Wed-11,20.0
DIESEL_3,Wed-12,20.0
DIESEL_3,Wed-13,20.0
DIESEL_3,Wed-14,20.0
DIESEL_3,Wed-15,20.0
DIESEL_3,Wed-16,20.0
DIESEL_3,Wed-17,20.0
DIESEL_3,Wed-18,20.0
DIESEL_3,Wed-19,20.0
DIESEL_3,Wed-20,20.0
DIESEL_3,Wed-21,20.0
DIESEL_3,Wed-22,20.0
DIESEL_3,Wed-23,20.0
DIESEL_3,Thu-00,13.666666700000178
DIESEL_3,Thu-01,4.0
DIESEL_3,Thu-02,0.0
DIESEL_3,Thu-03,0.0
DIESEL_3,Thu-04,0.0
DIESEL_3,Thu-05,10.666666700000178
DIESEL_3,Thu-06,20.0
DIESEL_3,Thu-07,20.0
DIESEL_3,Thu-08,20.0
DIESEL_3,Thu-09,20.0
DIESEL_3,Thu-10,20.0
DIESEL_3,Thu-11,20.0
DIESEL_3,Thu-12,20.0
DIESEL_3,Thu-13,20.0
DIESEL_3,Thu-14,20.0
DIESEL_3,Thu-15,20.0
DIESEL_3,Thu-16,20.0
DIESEL_3,Thu-17,20.0
DIESEL_3,Thu-18,20.0
DIESEL_3,Thu-19,20.0
DIESEL_3,Thu-20,20.0
DIESEL_3,Thu-21,20.0
DIESEL_3,Thu-22,20.0
DIESEL_3,Thu-23,20.0
DIESEL_3,Fri-00,19.666666700000178
DIESEL_3,Fri-01,5.666666700000178
DIESEL_3,Fri-02,0.0
DIESEL_3,Fri-03,0.0
DIESEL_3,Fri-04,0.0
DIESEL_3,Fri-05,18.666666700000178
DIESEL_3,Fri-06,20.0
DIESEL_3,Fri-07,20.0
DIESEL_3,Fri-08,20.0
DIESEL_3,Fri-09,20.0
DIESEL_3,Fri-10,20.0
DIESEL_3,Fri-11,20.0
DIESEL_3,Fri-12,20.0
DIESEL_3,Fri-13,20.0
DIESEL_3,Fri-14,20.0
DIESEL_3,Fri-15,20.0
DIESEL_3,Fri-16,20.0
DIESEL_3,Fri-17,20.0
DIESEL_3,Fri-18,20.0
DIESEL_3,Fri-19,20.0
DIESEL_3,Fri-20,20.0
DIESEL_3,Fri-21,20.0
DIESEL_3,Fri-22,20.0
DIESEL_3,Fri-23,6.666666700000178
DIESEL_3,Sat-00,0.0
DIESEL_3,Sat-01,0.0
DIESEL_3,Sat-02,0.0
DIESEL_3,Sat-03,0.0
DIESEL_3,Sat-04,0.0
DIESEL_3,Sat-05,0.0
DIESEL_3,Sat-06,0.0
DIESEL_3,Sat-07,0.0
DIESEL_3,Sat-08,0.0
DIESEL_3,Sat-09,4.666666700000178
DIESEL_3,Sat-10,18.666666700000178
DIESEL_3,Sat-11,20.0
DIESEL_3,Sat-12,20.0
DIESEL_3,Sat-13,18.666666700000178
DIESEL_3,Sat-14,11.666666700000178
DIESEL_3,Sat-15,4.0
DIESEL_3,Sat-16,0.0
DIESEL_3,Sat-17,0.0
DIESEL_3,Sat-18,0.0
DIESEL_3,Sat-19,0.0
DIESEL_3,Sat-20,0.0
DIESEL_3,Sat-21,0.0
DIESEL_3,Sat-22,0.0
DIESEL_3,Sat-23,0.0
DIESEL_3,Sun-00,0.0
DIESEL_3,Sun-01,0.0
DIESEL_3,Sun-02,0.0
DIESEL_3,Sun-03,0.0
DIESEL_3,Sun-04,0.0
DIESEL_3,Sun-05,0.0
DIESEL_3,Sun-06,0.0
DIESEL_3,Sun-07,0.0
DIESEL_3,Sun-08,0.0
DIESEL_3,Sun-09,0.0
DIESEL_3,Sun-10,0.0
DIESEL_3,Sun-11,0.0
DIESEL_3,Sun-12,0.0
DIESEL_3,Sun-13,0.0
DIESEL_3,Sun-14,0.0
DIESEL_3,Sun-15,0.0
DIESEL_3,Sun-16,0.0
DIESEL_3,Sun-17,0.0
DIESEL_3,Sun-18,0.0
DIESEL_3,Sun-19,0.0
DIESEL_3,Sun-20,0.0
DIESEL_3,Sun-21,0.0
DIESEL_3,Sun-22,0.0
DIESEL_3,Sun-23,0.0
DIESEL_4,Mon-00,0.0
DIESEL_4,Mon-01,0.0
DIESEL_4,Mon-02,12.0
DIESEL_4,Mon-03,0.0
DIESEL_4,Mon-04,0.0
DIESEL_4,Mon-05,0.0
DIESEL_4,Mon-06,12.0
DIESEL_4,Mon-07,12.0
DIESEL_4,Mon-08,12.0
DIESEL_4,Mon-09,12.0
DIESEL_4,Mon-10,12.0
DIESEL_4,Mon-11,12.0
DIESEL_4,Mon-12,12.0
DIESEL_4,Mon-13,12.0
DIESEL_4,Mon-14,12.0
DIESEL_4,Mon-15,12.0
DIESEL_4,Mon-16,12.0
DIESEL_4,Mon-17,12.0
DIESEL_4,Mon-18,12.0
DIESEL_4,Mon-19,12.0
DIESEL_4,Mon-20,12.0
DIESEL_4,Mon-21,12.0
DIESEL_4,Mon-22,12.0
DIESEL_4,Mon-23,12.0
DIESEL_4,Tue-00,12.0
DIESEL_4,Tue-01,9.666666700000178
DIESEL_4,Tue-02,2.0000000000000546
DIESEL_4,Tue-03,2.0
DIESEL_4,Tue-04,2.0
DIESEL_4,Tue-05,12.0
DIESEL_4,Tue-06,12.0
DIESEL_4,Tue-07,12.0
DIESEL_4,Tue-08,12.0
DIESEL_4,Tue-09,12.0
DIESEL_4,Tue-10,12.0
DIESEL_4,Tue-11,12.0
DIESEL_4,Tue-12,12.0
DIESEL_4,Tue-13,12.0
DIESEL_4,Tue-14,12.0
DIESEL_4,Tue-15,12.0
DIESEL_4,Tue-16,12.0
DIESEL_4,Tue-17,12.0
DIESEL_4,Tue-18,12.0
DIESEL_4,Tue-19,12.0
DIESEL_4,Tue-20,12.0
DIESEL_4,Tue-21,12.0
DIESEL_4,Tue-22,12.0
DIESEL_4,Tue-23,12.0
DIESEL_4,Wed-00,12.0
DIESEL_4,Wed-01,8.666666700000178
DIESEL_4,Wed-02,2.0000000000000075
DIESEL_4,Wed-03,2.0
DIESEL_4,Wed-04,2.0
DIESEL_4,Wed-05,12.0
DIESEL_4,Wed-06,12.0
DIESEL_4,Wed-07,12.0
DIESEL_4,Wed-08,12.0
DIESEL_4,Wed-09,12.0
DIESEL_4,Wed-10,12.0
DIESEL_4,Wed-11,12.0
DIESEL_4,Wed-12,12.0
DIESEL_4,Wed-13,12.0
DIESEL_4,Wed-14,12.0
DIESEL_4,Wed-15,12.0
DIESEL_4,Wed-16,12.0
DIESEL_4,Wed-17,12.0
DIESEL_4,Wed-18,12.0
DIESEL_4,Wed-19,12.0
DIESEL_4,Wed-20,12.0
DIESEL_4,Wed-21,12.0
DIESEL_4,Wed-22,12.0
DIESEL_4,Wed-23,12.0
DIESEL_4,Thu-00,12.0
DIESEL_4,Thu-01,9.666666700000178
DIESEL_4,Thu-02,2.0
DIESEL_4,Thu-03,2.0
DIESEL_4,Thu-04,2.0
DIESEL_4,Thu-05,12.0
DIESEL_4,Thu-06,12.0
DIESEL_4,Thu-07,12.0
DIESEL_4,Thu-08,12.0
DIESEL_4,Thu-09,12.0
DIESEL_4,Thu-10,12.0
DIESEL_4,Thu-11,12.0
DIESEL_4,Thu-12,12.0
DIESEL_4,Thu-13,12.0
DIESEL_4,Thu-14,12.0
DIESEL_4,Thu-15,12.0
DIESEL_4,Thu-16,12.0
DIESEL_4,Thu-17,12.0
DIESEL_4,Thu-18,12.0
DIESEL_4,Thu-19,12.0
DIESEL_4,Thu-20,12.0
DIESEL_4,Thu-21,12.0
DIESEL_4,Thu-22,12.0
DIESEL_4,Thu-23,12.0
DIESEL_4,Fri-00,12.0
DIESEL_4,Fri-01,12.0
DIESEL_4,Fri-02,5.666666700000178
DIESEL_4,Fri-03,2.0
DIESEL_4,Fri-04,5.666666700000178
DIESEL_4,Fri-05,12.0
DIESEL_4,Fri-06,12.0
DIESEL_4,Fri-07,12.0
DIESEL_4,Fri-08,12.0
DIESEL_4,Fri-09,12.0
DIESEL_4,Fri-10,12.0
DIESEL_4,Fri-11,12.0
DIESEL_4,Fri-12,12.0
DIESEL_4,Fri-13,12.0
DIESEL_4,Fri-14,12.0
DIESEL_4,Fri-15,12.0
DIESEL_4,Fri-16,12.0
DIESEL_4,Fri-17,12.0
DIESEL_4,Fri-18,12.0
DIESEL_4,Fri-19,12.0
DIESEL_4,Fri-20,12.0
DIESEL_4,Fri-21,12.0
DIESEL_4,Fri-22,12.0
DIESEL_4,Fri-23,12.0
DIESEL_4,Sat-00,0.0
DIESEL_4,Sat-01,0.0
DIESEL_4,Sat-02,0.0
DIESEL_4,Sat-03,0.0
DIESEL_4,Sat-04,0.0
DIESEL_4,Sat-05,0.0
DIESEL_4,Sat-06,0.0
DIESEL_4,Sat-07,0.0
DIESEL_4,Sat-08,0.0
DIESEL_4,Sat-09,12.0
DIESEL_4,Sat-10,12.0
DIESEL_4,Sat-11,12.0
DIESEL_4,Sat-12,12.0
DIESEL_4,Sat-13,12.0
DIESEL_4,Sat-14,12.0
DIESEL_4,Sat-15,11.666666700000178
DIESEL_4,Sat-16,11.666666700000178
DIESEL_4,Sat-17,2.0
DIESEL_4,Sat-18,0.0
DIESEL_4,Sat-19,0.0
DIESEL_4,Sat-20,0.0
DIESEL_4,Sat-21,0.0
DIESEL_4,Sat-22,0.0
DIESEL_4,Sat-23,0.0
DIESEL_4,Sun-00,0.0
DIESEL_4,Sun-01,0.0
DIESEL_4,Sun-02,0.0
DIESEL_4,Sun-03,0.0
DIESEL_4,Sun-04,0.0
DIESEL_4,Sun-05,0.0
DIESEL_4,Sun-06,0.0
DIESEL_4,Sun-07,0.0
DIESEL_4,Sun-08,0.0
DIESEL_4,Sun-09,0.0
DIESEL_4,Sun-10,0.0
DIESEL_4,Sun-11,0.0
DIESEL_4,Sun-12,0.0
DIESEL_4,Sun-13,0.0
DIESEL_4,Sun-14,0.0
DIESEL_4,Sun-15,0.0
DIESEL_4,Sun-16,0.0
DIESEL_4,Sun-17,0.0
DIESEL_4,Sun-18,0.0
DIESEL_4,Sun-19,0.0
DIESEL_4,Sun-20,0.0
DIESEL_4,Sun-21,0.0
DIESEL_4,Sun-22,0.0
DIESEL_4,Sun-23,0.0
